 a01, b01, c01, d01, e01, f01, g01, h01, i01, j01, k01, l01, m01, n01, o01, p01, q01, r01, s01, t01, u01, v01, w01, x01
 a02, b02, c02, d02, e02, f02, g02, h02, i02, j02, k02, l02, m02, n02, o02, p02, q02, r02, s02, t02, u02, v02, w02, x02
 a03, b03, c03, d03, e03, f03, g03, h03, i03, j03, k03, l03, m03, n03, o03, p03, q03, r03, s03, t03, u03, v03, w03, x03
 a04, b04, c04, d04, e04, f04, g04, h04, i04, j04, k04, l04, m04, n04, o04, p04, q04, r04, s04, t04, u04, v04, w04, x04
 a05, b05, c05, d05, e05, f05, g05, h05, i05, j05, k05, l05, m05, n05, o05, p05, q05, r05, s05, t05, u05, v05, w05, x05
 a06, b06, c06, d06, e06, f06, g06, h06, i06, j06, k06, l06, m06, n06, o06, p06, q06, r06, s06, t06, u06, v06, w06, x06
 a07, b07, c07, d07, e07, f07, g07, h07, i07, j07, k07, l07, m07, n07, o07, p07, q07, r07, s07, t07, u07, v07, w07, x07
 a08, b08, c08, d08, e08, f08, g08, h08, i08, j08, k08, l08, m08, n08, o08, p08, q08, r08, s08, t08, u08, v08, w08, x08
 a09, b09, c09, d09, e09, f09, g09, h09, i09, j09, k09, l09, m09, n09, o09, p09, q09, r09, s09, t09, u09, v09, w09, x09
 a10, b10, c10, d10, e10, f10, g10, h10, i10, j10, k10, l10, m10, n10, o10, p10, q10, r10, s10, t10, u10, v10, w10, x10
 a11, b11, c11, d11, e11, f11, g11, h11, i11, j11, k11, l11, m11, n11, o11, p11, q11, r11, s11, t11, u11, v11, w11, x11
 a12, b12, c12, d12, e12, f12, g12, h12, i12, j12, k12, l12, m12, n12, o12, p12, q12, r12, s12, t12, u12, v12, w12, x12
 a13, b13, c13, d13, e13, f13, g13, h13, i13, j13, k13, l13, m13, n13, o13, p13, q13, r13, s13, t13, u13, v13, w13, x13
 a14, b14, c14, d14, e14, f14, g14, h14, i14, j14, k14, l14, m14, n14, o14, p14, q14, r14, s14, t14, u14, v14, w14, x14
 a15, b15, c15, d15, e15, f15, g15, h15, i15, j15, k15, l15, m15, n15, o15, p15, q15, r15, s15, t15, u15, v15, w15, x15
 a16, b16, c16, d16, e16, f16, g16, h16, i16, j16, k16, l16, m16, n16, o16, p16, q16, r16, s16, t16, u16, v16, w16, x16
 a17, b17, c17, d17, e17, f17, g17, h17, i17, j17, k17, l17, m17, n17, o17, p17, q17, r17, s17, t17, u17, v17, w17, x17
 a18, b18, c18, d18, e18, f18, g18, h18, i18, j18, k18, l18, m18, n18, o18, p18, q18, r18, s18, t18, u18, v18, w18, x18
 a19, b19, c19, d19, e19, f19, g19, h19, i19, j19, k19, l19, m19, n19, o19, p19, q19, r19, s19, t19, u19, v19, w19, x19
 a20, b20, c20, d20, e20, f20, g20, h20, i20, j20, k20, l20, m20, n20, o20, p20, q20, r20, s20, t20, u20, v20, w20, x20
 a21, b21, c21, d21, e21, f21, g21, h21, i21, j21, k21, l21, m21, n21, o21, p21, q21, r21, s21, t21, u21, v21, w21, x21
 a22, b22, c22, d22, e22, f22, g22, h22, i22, j22, k22, l22, m22, n22, o22, p22, q22, r22, s22, t22, u22, v22, w22, x22
 a23, b23, c23, d23, e23, f23, g23, h23, i23, j23, k23, l23, m23, n23, o23, p23, q23, r23, s23, t23, u23, v23, w23, x23
 a24, b24, c24, d24, e24, f24, g24, h24, i24, j24, k24, l24, m24, n24, o24, p24, q24, r24, s24, t24, u24, v24, w24, x24
